50,name,other_names,country,development_status,category_or_round,region,comment,website,full_commissioning,full_commissioning_year,windfarm_capacity,windfarm_capacity_MW,turbine_model,turbine_capacity_MW,number_turbines,foundation_type,sea_name,longitude,latitude,area,distance_from_shore,URL
1,Seamade (Mermaid),Zone 7,Belgium,Fully Commissioned,Unlock with a freemium account,Unlock with a freemium account,"Originally SEAL (C0 Power Holdco, Electrawinds, Nuon) and Blue4Power I (Electrabel) were in competition for this zone. During second tender area was contested by THV Mermaid and Northwester II Mermaid are planning to install Wave Energy Converters in the project area. Between 20 - 61MW of WECs are planned",Unlock with a freemium account,15 Dec 2020,2020,235 MW,235,SG 8.0-167 DD,8.4,28,Grounded: Monopile,North Sea,2.739,51.718611°,16.283477,54,https://www.4coffshore.com/windfarms/belgium/seamade-(mermaid)-belgium-be07.html'
,Northwester 2,Zone 7,Belgium,Fully Commissioned,Unlock with a freemium account,Unlock with a freemium account,Unlock with a freemium account,Unlock with a freemium account,Unlock with a freemium account,#VALUE!,219 MW,219,Unlock with a freemium account,,#DIV/0!,Unlock with a freemium account,North Sea,,51.686754°,Unlock with a freemium account,Unlock with a freemium account,https://www.4coffshore.com/windfarms/belgium/northwester-2-belgium-be12.html'
,Belwind,Zone 3 and Bligh Bank,Belgium,Fully Commissioned,Unlock with a freemium account,Unlock with a freemium account,Unlock with a freemium account,Unlock with a freemium account,Unlock with a freemium account,#VALUE!,165 MW,165,Unlock with a freemium account,,#DIV/0!,Unlock with a freemium account,North Sea,,51.670211°,Unlock with a freemium account,Unlock with a freemium account,https://www.4coffshore.com/windfarms/belgium/belwind--belgium-be03.html'
,Nobelwind,"Belwind Phase 2, Zone 3
 Bligh Bank 2",Belgium,Fully Commissioned,Unlock with a freemium account,Unlock with a freemium account,Unlock with a freemium account,Unlock with a freemium account,Unlock with a freemium account,#VALUE!,165 MW,165,Unlock with a freemium account,,#DIV/0!,Unlock with a freemium account,North Sea,,51.664398°,Unlock with a freemium account,Unlock with a freemium account,https://www.4coffshore.com/windfarms/belgium/nobelwind-belgium-be08.html'
1,Seamade (SeaStar),Zone 6,Belgium,Fully Commissioned,Unlock with a freemium account,Unlock with a freemium account,"Seastar (Power@Sea, Electrawinds) beat Nieuw project (Econcern) and Blue4Power II (Electrabel) for the concession of the wind farm. Proposed in concession request was for a project of 246MW (41x 6MW) although this is likely to change as new technology enters the market.",Unlock with a freemium account,15 Dec 2020,2020,252 MW,252,SG 8.0-167 DD,8,30,Grounded: Monopile,North Sea,2.862,51.63418°,18.428158,40,https://www.4coffshore.com/windfarms/belgium/seamade-(seastar)-belgium-be06.html'
,Northwind,"Eldepasco, Zone 2 and Bank Zonder Naam",Belgium,Fully Commissioned,Unlock with a freemium account,Unlock with a freemium account,Unlock with a freemium account,Unlock with a freemium account,Unlock with a freemium account,#VALUE!,216 MW,216,Unlock with a freemium account,,#DIV/0!,Unlock with a freemium account,North Sea,,51.619411°,Unlock with a freemium account,Unlock with a freemium account,https://www.4coffshore.com/windfarms/belgium/northwind-belgium-be02.html'
,Rentel,,Belgium,Fully Commissioned,Unlock with a freemium account,Unlock with a freemium account,Unlock with a freemium account,Unlock with a freemium account,Unlock with a freemium account,#VALUE!,309 MW,309,Unlock with a freemium account,,#DIV/0!,Unlock with a freemium account,North Sea,,51.591348°,Unlock with a freemium account,Unlock with a freemium account,https://www.4coffshore.com/windfarms/belgium/rentel-belgium-be05.html'
1,Thornton Bank - phase II,"Zone 1, C-Power 2",Belgium,Fully Commissioned,Unlock with a freemium account,Unlock with a freemium account,"Phase 2 comprises 6 turbines in Area A (SW Part) and 24 turbines in Area B (NE Part) Phases 2 and 3 share one export cable and one offshore substation. The developer, C-Power, has 950EUR loan to finance this phase of the project. Eneco has announced it will purchase half of all the electricity generated from the project. The project cost reflects all 3 phases and includes electrical connections.",Unlock with a freemium account,31 Jan 2013,2013,184.5 MW,184.5,6.2M126,6.15,30,Grounded: Jacket (Piled),North Sea,2.969,51.556431°,12.129295,27,https://www.4coffshore.com/windfarms/belgium/thornton-bank---phase-ii-belgium-be09.html'
1,Thornton Bank - phase III,"Zone 1, C-Power 2",Belgium,Fully Commissioned,Unlock with a freemium account,Unlock with a freemium account,Phase 3 comprises 18 turbines in Area A only (SW Part) Phases 2 and 3 share one export cable and one offshore substation. The project cost reflects all 3 phases.,Unlock with a freemium account,18 Sep 2013,2013,110.7 MW,110.7,6.2M126,6.15,18,Grounded: Jacket (Piled),North Sea,2.922,51.540272°,7.294826,26,https://www.4coffshore.com/windfarms/belgium/thornton-bank---phase-iii-belgium-be10.html'
1,Thornton Bank - phase I,"Zone 1, C-Power",Belgium,Fully Commissioned,Unlock with a freemium account,Unlock with a freemium account,"Authorisation for project layout in 2 blocks, ground survey finished in September 2004. Prework ecological monitoring finished in June 2006. Stated cost if for the first phase only. The project was financed on a non-recourse basis in May 2007: a Term Loan (Senior Facility) provided 90,286,340 EUR, Contingent Facility (Senior Facility) 11,200,000 EUR and Mezzanine Facility 20,000,000 EUR. Senior facilities were provided by Dexia Bank Belgium, Dexia Crédit Local, Société Générale, Rabobank and KBC while Mezzanine was provided by Rabobank only.",Unlock with a freemium account,10 May 2009,2009,30 MW,30,5M,5,6,Grounded: Gravity-Base,North Sea,2.938,51.543897°,0.426712,27,https://www.4coffshore.com/windfarms/belgium/thornton-bank---phase-i-belgium-be01.html'
,Norther,"North Sea Power, Norther",Belgium,Fully Commissioned,Unlock with a freemium account,Unlock with a freemium account,Unlock with a freemium account,Unlock with a freemium account,Unlock with a freemium account,#VALUE!,369.6 MW,369.6,Unlock with a freemium account,,#DIV/0!,Unlock with a freemium account,North Sea,,51.526941°,Unlock with a freemium account,Unlock with a freemium account,https://www.4coffshore.com/windfarms/belgium/norther-belgium-be04.html'
1,Borssele 1 and 2,"BWFS I + II, Borssele Aangewezen windenergiegebied",Netherlands,Fully Commissioned,Unlock with a freemium account,Unlock with a freemium account,Unlock with a freemium account,Unlock with a freemium account,27 Nov 2020,2020,752 MW,752,SG 8.0-167 DD,8,94,Grounded: Monopile,North Sea,3.066,51.683012°,112.663759,22,https://www.4coffshore.com/windfarms/netherlands/borssele-1-and-2-netherlands-nl0b.html'
1,Borssele 3 and 4 - Blauwwind,"BWFS III, BWFS IV, Borssele Aangewezen windenergiegebied",Netherlands,Fully Commissioned,Unlock with a freemium account,Unlock with a freemium account,"The morphology of the seabed is classified as highly dynamic, with a complex bathymetry consisting of static (in the timespan between 2000 and 2015), shore-parallel sandbanks overlain with dynamic shore perpendicular sand waves. Within the area, opposing migration directions for the sand waves were found with sand going towards SW-direction and to the opposing NE-direction (with a variation of up to 30° in both directions) The mean wind speed at a hub height of 100 m MSL at the centre of the BWFZ is calculated to be 9.6 ± 0.5 m/s. Gearing ratio of 70:30 debt:equity, with unlevered IRR >7% and expected equity return 12%.",Unlock with a freemium account,06 Jan 2021,2021,731.5 MW,731.5,V164-9.5 MW,9.5,77,Grounded: Monopile,North Sea,2.928,51.699756°,122.033815,55,https://www.4coffshore.com/windfarms/netherlands/borssele-3-and-4---blauwwind-netherlands-nl0j.html'
,Borssele Site V -Leeghwater - Innovation Plot,BWFS V,Netherlands,Fully Commissioned,Unlock with a freemium account,Unlock with a freemium account,Unlock with a freemium account,Unlock with a freemium account,Unlock with a freemium account,#VALUE!,19 MW,19,Unlock with a freemium account,,#DIV/0!,Unlock with a freemium account,North Sea,,51.709157°,Unlock with a freemium account,Unlock with a freemium account,https://www.4coffshore.com/windfarms/netherlands/borssele-site-v--leeghwater---innovation-plot-netherlands-nl88.html'
,Eneco Luchterduinen,"70 (ID assigned by authority), Q10",Netherlands,Fully Commissioned,Unlock with a freemium account,Unlock with a freemium account,Unlock with a freemium account,Unlock with a freemium account,Unlock with a freemium account,#VALUE!,129 MW,129,Unlock with a freemium account,,#DIV/0!,Unlock with a freemium account,North Sea,,52.405092°,Unlock with a freemium account,Unlock with a freemium account,https://www.4coffshore.com/windfarms/netherlands/eneco-luchterduinen-netherlands-nl32.html'
1,Egmond aan Zee,"OWEZ, Offshore Windpark Egmond aan Zee(demonstratieproject)",Netherlands,Fully Commissioned,Unlock with a freemium account,Unlock with a freemium account,Unlock with a freemium account,Unlock with a freemium account,01 Jan 2007,2007,108 MW,108,V90-3.0 MW Offshore,3,36,Grounded: Monopile,North Sea,4.419,52.606217°,24.485813,10,https://www.4coffshore.com/windfarms/netherlands/egmond-aan-zee-netherlands-nl02.html'
1,Windpark Fryslân,WPF,Netherlands,Fully Commissioned,Unlock with a freemium account,Unlock with a freemium account,Van Oord will have to build/convert two new vessels for the project due to shallow water.,Unlock with a freemium account,08 Dec 2021,2021,382.7 MW,382.7,SWT-DD-130,4.3,89,Grounded: Monopile,North Sea,5.262,53.002695°,34.845236,5.6,https://www.4coffshore.com/windfarms/netherlands/windpark-frysl%c3%a2n-netherlands-nl0g.html'
,Westermeerwind,"Westermeerwind Windparknoordoostpolder
 Westermeerdijk Buitendijks
 Noordermeerdijk buitendijks",Netherlands,Fully Commissioned,Unlock with a freemium account,Unlock with a freemium account,Unlock with a freemium account,Unlock with a freemium account,Unlock with a freemium account,#VALUE!,144 MW,144,Unlock with a freemium account,,#DIV/0!,Unlock with a freemium account,North Sea,,52.739208°,Unlock with a freemium account,Unlock with a freemium account,https://www.4coffshore.com/windfarms/netherlands/westermeerwind-netherlands-nl85.html'
1,Gemini,"Buitengaats & ZeeEnergie, BARD-Nederland Offshore, GWS Offshore NL1, 64 (ID assigned by authority),",Netherlands,Fully Commissioned,Unlock with a freemium account,Unlock with a freemium account,"Gemini generates 600 MW, meeting the annual energy needs of one and a half million people and reducing the annual CO2 emissions of the Netherlands by 1.25 million tons. Northland's project team reached financial close for Gemini in May 2014 and the project was completed in April 2017, ahead of schedule and under budget. It has a 15-year power purchase Contract for Differences agreement with Netherlands government.",Unlock with a freemium account,28 Apr 2017,2017,600 MW,600,SWT-4.0-130,4,150,Grounded: Monopile,North Sea,5.965,54.036503°,69.57367,85,https://www.4coffshore.com/windfarms/netherlands/gemini-netherlands-nl18.html'
,Riffgat,"OWP Riffgat, Borkum Riffgat",Germany,Fully Commissioned,Unlock with a freemium account,Unlock with a freemium account,Unlock with a freemium account,Unlock with a freemium account,Unlock with a freemium account,#VALUE!,108 MW,108,Unlock with a freemium account,,#DIV/0!,Unlock with a freemium account,North Sea,,53.69243°,Unlock with a freemium account,Unlock with a freemium account,https://www.4coffshore.com/windfarms/germany/riffgat-germany-de21.html'
1,Borkum Riffgrund 2,,Germany,Fully Commissioned,Unlock with a freemium account,Unlock with a freemium account,Unlock with a freemium account,Unlock with a freemium account,31 Dec 2018,2018,450 MW,450,V164-8.0 MW,8.3,56,Grounded: Various,North Sea,6.487,53.951771°,35.973755,56,https://www.4coffshore.com/windfarms/germany/borkum-riffgrund-2-germany-de30.html'
1,Borkum Riffgrund 1,,Germany,Fully Commissioned,Unlock with a freemium account,Unlock with a freemium account,"A new foundation, Suction Bucket Jacket, will be tested on one turbine at the site. DONG have teamed up with the UK Carbon Trust in order to test the new foundation. According to the April 2014 draft of the Offshore Network Development Plan, when Borkum Riffgrund I connects to DolWin3 the project will have a transmission capacity of 291MW available, despite the capacity of the wind farm being 312MW. In October 2014 Borkum Riffgrund 1's connection at DolWin3 was increased to 110MW.",Unlock with a freemium account,09 Oct 2015,2015,312 MW,312,SWT-4.0-120,4,78,Grounded: Various,North Sea,6.554,53.967343°,35.455655,54,https://www.4coffshore.com/windfarms/germany/borkum-riffgrund-1-germany-de04.html'
,Alpha Ventus,Borkum West I,Germany,Fully Commissioned,Unlock with a freemium account,Unlock with a freemium account,Unlock with a freemium account,Unlock with a freemium account,Unlock with a freemium account,#VALUE!,60 MW,60,Unlock with a freemium account,,#DIV/0!,Unlock with a freemium account,North Sea,,54.010897°,Unlock with a freemium account,Unlock with a freemium account,https://www.4coffshore.com/windfarms/germany/alpha-ventus-germany-de01.html'
1,Merkur,MEG Offshore I,Germany,Fully Commissioned,Unlock with a freemium account,Unlock with a freemium account,Unlock with a freemium account,Unlock with a freemium account,24 Jun 2019,2019,396 MW,396,Haliade 150-6MW,6,66,Grounded: Monopile,North Sea,6.554,54.043061°,39.328081,45,https://www.4coffshore.com/windfarms/germany/merkur-germany-de26.html'
,Trianel Windpark Borkum II,"Borkum West II Phase 2, TWB II",Germany,Fully Commissioned,Unlock with a freemium account,Unlock with a freemium account,Unlock with a freemium account,Unlock with a freemium account,Unlock with a freemium account,#VALUE!,203 MW,203,Unlock with a freemium account,,#DIV/0!,Unlock with a freemium account,North Sea,,54.050342°,Unlock with a freemium account,Unlock with a freemium account,https://www.4coffshore.com/windfarms/germany/trianel-windpark-borkum-ii-germany-de0k.html'
1,Trianel Windpark Borkum I,"Borkum West II Phase 1, Trianel Borkum, Borkum Phase I",Germany,Fully Commissioned,Unlock with a freemium account,Unlock with a freemium account,At least 50m EUR of the total cost is attributed to delays in grid connection and foundation delivery.,Unlock with a freemium account,01 Sep 2015,2015,200 MW,200,M5000-116,5,40,Grounded: Tripod,North Sea,6.457,54.046357°,22.645409,45,https://www.4coffshore.com/windfarms/germany/trianel-windpark-borkum-i-germany-de27.html'
,Nordsee One,"Innogy Nordsee 1 , Innogy Nordsee 1 Phase 1, North Sea Windpower 3 NSWP3",Germany,Fully Commissioned,Unlock with a freemium account,Unlock with a freemium account,Unlock with a freemium account,Unlock with a freemium account,Unlock with a freemium account,#VALUE!,332.1 MW,332.1,Unlock with a freemium account,,#DIV/0!,Unlock with a freemium account,North Sea,,53.981612°,Unlock with a freemium account,Unlock with a freemium account,https://www.4coffshore.com/windfarms/germany/nordsee-one-germany-de28.html'
1,Gode Wind 1 and 2,Gode Wind I and II,Germany,Fully Commissioned,Unlock with a freemium account,Unlock with a freemium account,"The Siemens SWT-6.0-154 turbines are capable of entering a power-boost mode to generate 6.264MW of capacity, however the maximum export capability of the park remains at 582MW. The overpowering enables the park to operate at full capacity even if up to four turbines are undergoing maintenance.",Unlock with a freemium account,30 Sep 2016,2016,582 MW,582,SWT-6.0-154,6,97,Grounded: Monopile,North Sea,6.995,54.041223°,69.381598,45,https://www.4coffshore.com/windfarms/germany/gode-wind-1-and-2-germany-de13.html'
,Deutsche Bucht,"DBU, Debu",Germany,Fully Commissioned,Unlock with a freemium account,Unlock with a freemium account,Unlock with a freemium account,Unlock with a freemium account,Unlock with a freemium account,#VALUE!,252 MW,252,Unlock with a freemium account,,#DIV/0!,Unlock with a freemium account,North Sea,,54.305397°,Unlock with a freemium account,Unlock with a freemium account,https://www.4coffshore.com/windfarms/germany/deutsche-bucht-germany-de24.html'
,Veja Mate,,Germany,Fully Commissioned,Unlock with a freemium account,Unlock with a freemium account,Unlock with a freemium account,Unlock with a freemium account,Unlock with a freemium account,#VALUE!,402 MW,402,Unlock with a freemium account,,#DIV/0!,Unlock with a freemium account,North Sea,,54.318087°,Unlock with a freemium account,Unlock with a freemium account,https://www.4coffshore.com/windfarms/germany/veja-mate-germany-de36.html'
,BARD Offshore 1,BARD,Germany,Fully Commissioned,Unlock with a freemium account,Unlock with a freemium account,Unlock with a freemium account,Unlock with a freemium account,Unlock with a freemium account,#VALUE!,400 MW,400,Unlock with a freemium account,,#DIV/0!,Unlock with a freemium account,North Sea,,54.355374°,Unlock with a freemium account,Unlock with a freemium account,https://www.4coffshore.com/windfarms/germany/bard-offshore-1-germany-de23.html'
1,Hohe See,Hochsee Windpark 'Nordsee',Germany,Fully Commissioned,Unlock with a freemium account,Unlock with a freemium account,"In November 2015, Hohe See was awarded 50MW of additional grid connection capacity at BorWin 2 as part of the 2015 allocation round held by BNetzA. EnBW Hohe See now has a total of 500MW of allocated grid connection capacity across BorWin 2 and 3.",Unlock with a freemium account,01 Nov 2019,2019,497 MW,497,SWT-7.0-154,7,71,Grounded: Monopile,North Sea,6.33,54.443347°,40.542286,95,https://www.4coffshore.com/windfarms/germany/hohe-see-germany-de11.html'
,Albatros,"Hohe Extension, Albatros 1",Germany,Fully Commissioned,Unlock with a freemium account,Unlock with a freemium account,Unlock with a freemium account,Unlock with a freemium account,Unlock with a freemium account,#VALUE!,112 MW,112,Unlock with a freemium account,,#DIV/0!,Unlock with a freemium account,North Sea,,54.486008°,Unlock with a freemium account,Unlock with a freemium account,https://www.4coffshore.com/windfarms/germany/albatros-germany-de39.html'
,Global Tech I,GT1,Germany,Fully Commissioned,Unlock with a freemium account,Unlock with a freemium account,Unlock with a freemium account,Unlock with a freemium account,Unlock with a freemium account,#VALUE!,400 MW,400,Unlock with a freemium account,,#DIV/0!,Unlock with a freemium account,North Sea,,54.508917°,Unlock with a freemium account,Unlock with a freemium account,https://www.4coffshore.com/windfarms/germany/global-tech-i-germany-de09.html'
,Nordergründe,"OWP Nordergründe, Nordergrunde",Germany,Fully Commissioned,Unlock with a freemium account,Unlock with a freemium account,Unlock with a freemium account,Unlock with a freemium account,Unlock with a freemium account,#VALUE!,110.7 MW,110.7,Unlock with a freemium account,,#DIV/0!,Unlock with a freemium account,North Sea,,53.83495°,Unlock with a freemium account,Unlock with a freemium account,https://www.4coffshore.com/windfarms/germany/nordergr%c3%bcnde-germany-de20.html'
,Meerwind Süd/Ost,Meerwind,Germany,Fully Commissioned,Unlock with a freemium account,Unlock with a freemium account,Unlock with a freemium account,Unlock with a freemium account,Unlock with a freemium account,#VALUE!,288 MW,288,Unlock with a freemium account,,#DIV/0!,Unlock with a freemium account,North Sea,,54.392163°,Unlock with a freemium account,Unlock with a freemium account,https://www.4coffshore.com/windfarms/germany/meerwind-s%c3%bcd-ost-germany-de07.html'
,Nordsee Ost,Innogy Nordsee Ost,Germany,Fully Commissioned,Unlock with a freemium account,Unlock with a freemium account,Unlock with a freemium account,Unlock with a freemium account,Unlock with a freemium account,#VALUE!,295.2 MW,295.2,Unlock with a freemium account,,#DIV/0!,Unlock with a freemium account,North Sea,,54.444554°,Unlock with a freemium account,Unlock with a freemium account,https://www.4coffshore.com/windfarms/germany/nordsee-ost-germany-de06.html'
,Kaskasi,"Kaskasi II, (formerly) Hochsee testfeld Helgoland",Germany,Fully Commissioned,Unlock with a freemium account,Unlock with a freemium account,Unlock with a freemium account,Unlock with a freemium account,Unlock with a freemium account,#VALUE!,342 MW,342,Unlock with a freemium account,,#DIV/0!,Unlock with a freemium account,North Sea,,54.48915°,Unlock with a freemium account,Unlock with a freemium account,https://www.4coffshore.com/windfarms/germany/kaskasi-germany-de33.html'
,Amrumbank West,,Germany,Fully Commissioned,Unlock with a freemium account,Unlock with a freemium account,Unlock with a freemium account,Unlock with a freemium account,Unlock with a freemium account,#VALUE!,302 MW,302,Unlock with a freemium account,,#DIV/0!,Unlock with a freemium account,North Sea,,54.522973°,Unlock with a freemium account,Unlock with a freemium account,https://www.4coffshore.com/windfarms/germany/amrumbank-west-germany-de05.html'
1,Butendiek,Offshore-Bürgerpark Butendiek,Germany,Fully Commissioned,Unlock with a freemium account,Unlock with a freemium account,Ballast Nedam sold their inspection and maintenance contracts to Deutsche Windtechnik.,Unlock with a freemium account,04 Aug 2015,2015,288 MW,288,SWT-3.6-120,3.6,80,Grounded: Monopile,North Sea,7.774,55.017482°,31.309837,32,https://www.4coffshore.com/windfarms/germany/butendiek-germany-de08.html'
,DanTysk,"Dan Tysk, Dantysk",Germany,Fully Commissioned,Unlock with a freemium account,Unlock with a freemium account,Unlock with a freemium account,Unlock with a freemium account,Unlock with a freemium account,#VALUE!,288 MW,288,Unlock with a freemium account,,#DIV/0!,Unlock with a freemium account,North Sea,,55.137723°,Unlock with a freemium account,Unlock with a freemium account,https://www.4coffshore.com/windfarms/germany/dantysk-germany-de02.html'
,Sandbank,Sandbank24,Germany,Fully Commissioned,Unlock with a freemium account,Unlock with a freemium account,Unlock with a freemium account,Unlock with a freemium account,Unlock with a freemium account,#VALUE!,288 MW,288,Unlock with a freemium account,,#DIV/0!,Unlock with a freemium account,North Sea,,55.199626°,Unlock with a freemium account,Unlock with a freemium account,https://www.4coffshore.com/windfarms/germany/sandbank-germany-de12.html'
,EnBW Baltic 1,Baltic I,Germany,Fully Commissioned,Unlock with a freemium account,Unlock with a freemium account,Unlock with a freemium account,Unlock with a freemium account,Unlock with a freemium account,#VALUE!,48.3 MW,48.3,Unlock with a freemium account,,#DIV/0!,Unlock with a freemium account,Baltic Sea,,54.609703°,Unlock with a freemium account,Unlock with a freemium account,https://www.4coffshore.com/windfarms/germany/enbw-baltic-1-germany-de78.html'
,EnBW Baltic 2,Kriegers Flak 1,Germany,Fully Commissioned,Unlock with a freemium account,Unlock with a freemium account,Unlock with a freemium account,Unlock with a freemium account,Unlock with a freemium account,#VALUE!,288 MW,288,Unlock with a freemium account,,#DIV/0!,Unlock with a freemium account,Baltic Sea,,54.982702°,Unlock with a freemium account,Unlock with a freemium account,https://www.4coffshore.com/windfarms/germany/enbw-baltic-2-germany-de52.html'
1,Wikinger,Ventotec Ost 2,Germany,Fully Commissioned,Unlock with a freemium account,Unlock with a freemium account,Unlock with a freemium account,Unlock with a freemium account,29 Oct 2018,2018,350 MW,350,AD 5-135,5.05,70,Grounded: Jacket (Piled),Baltic Sea,14.068,54.835548°,32.269779,35,https://www.4coffshore.com/windfarms/germany/wikinger-germany-de47.html'
1,Arkona,Arkona Becken Südost,Germany,Fully Commissioned,Unlock with a freemium account,Unlock with a freemium account,Unlock with a freemium account,Unlock with a freemium account,01 Jan 2019,2019,385 MW,385,SWT-6.0-154,6,60,Grounded: Monopile,Baltic Sea,14.121,54.782804°,37.344084,35,https://www.4coffshore.com/windfarms/germany/arkona-germany-de46.html'
,Horns Rev 1,,Denmark,Fully Commissioned,Unlock with a freemium account,Unlock with a freemium account,Unlock with a freemium account,Unlock with a freemium account,Unlock with a freemium account,#VALUE!,160 MW,160,Unlock with a freemium account,,#DIV/0!,Unlock with a freemium account,North Sea,,55.486101°,Unlock with a freemium account,Unlock with a freemium account,https://www.4coffshore.com/windfarms/denmark/horns-rev-1-denmark-dk03.html'
,Horns Rev 2,,Denmark,Fully Commissioned,Unlock with a freemium account,Unlock with a freemium account,Unlock with a freemium account,Unlock with a freemium account,Unlock with a freemium account,#VALUE!,209.3 MW,209.3,Unlock with a freemium account,,#DIV/0!,Unlock with a freemium account,North Sea,,55.60042°,Unlock with a freemium account,Unlock with a freemium account,https://www.4coffshore.com/windfarms/denmark/horns-rev-2-denmark-dk10.html'
,Horns Rev 3,Horns Rev A HR3-HR4,Denmark,Fully Commissioned,Unlock with a freemium account,Unlock with a freemium account,Unlock with a freemium account,Unlock with a freemium account,Unlock with a freemium account,#VALUE!,406.7 MW,406.7,Unlock with a freemium account,,#DIV/0!,Unlock with a freemium account,North Sea,,55.694093°,Unlock with a freemium account,Unlock with a freemium account,https://www.4coffshore.com/windfarms/denmark/horns-rev-3-denmark-dk19.html'
,Nissum Bredning Vind,Rønland II,Denmark,Fully Commissioned,Unlock with a freemium account,Unlock with a freemium account,Unlock with a freemium account,Unlock with a freemium account,Unlock with a freemium account,#VALUE!,28 MW,28,Unlock with a freemium account,,#DIV/0!,Unlock with a freemium account,North Sea,,56.669858°,Unlock with a freemium account,Unlock with a freemium account,https://www.4coffshore.com/windfarms/denmark/nissum-bredning-vind-denmark-dk44.html'
,Rønland,Roenland,Denmark,Fully Commissioned,Unlock with a freemium account,Unlock with a freemium account,Unlock with a freemium account,Unlock with a freemium account,Unlock with a freemium account,#VALUE!,17.2 MW,17.2,Unlock with a freemium account,,#DIV/0!,Unlock with a freemium account,North Sea,,56.662128°,Unlock with a freemium account,Unlock with a freemium account,https://www.4coffshore.com/windfarms/denmark/r%c3%b8nland-denmark-dk04.html'
,Anholt,Djursland Anholt,Denmark,Fully Commissioned,Unlock with a freemium account,Unlock with a freemium account,Unlock with a freemium account,Unlock with a freemium account,Unlock with a freemium account,#VALUE!,399.6 MW,399.6,Unlock with a freemium account,,#DIV/0!,Unlock with a freemium account,Kattegat,,56.59861°,Unlock with a freemium account,Unlock with a freemium account,https://www.4coffshore.com/windfarms/denmark/anholt-denmark-dk13.html'
,Middelgrunden,Kobenhavn,Denmark,Fully Commissioned,Unlock with a freemium account,Unlock with a freemium account,Unlock with a freemium account,Unlock with a freemium account,Unlock with a freemium account,#VALUE!,40 MW,40,Unlock with a freemium account,,#DIV/0!,Unlock with a freemium account,Kattegat,,55.689897°,Unlock with a freemium account,Unlock with a freemium account,https://www.4coffshore.com/windfarms/denmark/middelgrunden-denmark-dk08.html'
,Avedøre Holme,,Denmark,Fully Commissioned,Unlock with a freemium account,Unlock with a freemium account,Unlock with a freemium account,Unlock with a freemium account,Unlock with a freemium account,#VALUE!,10.8 MW,10.8,Unlock with a freemium account,,#DIV/0!,Unlock with a freemium account,Kattegat,,55.602228°,Unlock with a freemium account,Unlock with a freemium account,https://www.4coffshore.com/windfarms/denmark/aved%c3%b8re-holme-denmark-dk15.html'
,Kriegers Flak,"Kreigers Flak K2-K3, Danish Kriegers Flak",Denmark,Fully Commissioned,Unlock with a freemium account,Unlock with a freemium account,Unlock with a freemium account,Unlock with a freemium account,Unlock with a freemium account,#VALUE!,605 MW,605,Unlock with a freemium account,,#DIV/0!,Unlock with a freemium account,Baltic Sea,,55.02679°,Unlock with a freemium account,Unlock with a freemium account,https://www.4coffshore.com/windfarms/denmark/kriegers-flak-denmark-dk37.html'
,Nysted,Rødsand I,Denmark,Fully Commissioned,Unlock with a freemium account,Unlock with a freemium account,Unlock with a freemium account,Unlock with a freemium account,Unlock with a freemium account,#VALUE!,165.6 MW,165.6,Unlock with a freemium account,,#DIV/0!,Unlock with a freemium account,Baltic Sea,,54.548349°,Unlock with a freemium account,Unlock with a freemium account,https://www.4coffshore.com/windfarms/denmark/nysted-denmark-dk07.html'
,Rødsand 2,Nysted II,Denmark,Fully Commissioned,Unlock with a freemium account,Unlock with a freemium account,Unlock with a freemium account,Unlock with a freemium account,Unlock with a freemium account,#VALUE!,207 MW,207,Unlock with a freemium account,,#DIV/0!,Unlock with a freemium account,Baltic Sea,,54.555224°,Unlock with a freemium account,Unlock with a freemium account,https://www.4coffshore.com/windfarms/denmark/r%c3%b8dsand-2-denmark-dk11.html'
,Lillgrund,,Sweden,Fully Commissioned,Unlock with a freemium account,Unlock with a freemium account,Unlock with a freemium account,Unlock with a freemium account,Unlock with a freemium account,#VALUE!,110.4 MW,110.4,Unlock with a freemium account,,#DIV/0!,Unlock with a freemium account,Kattegat,,55.512899°,Unlock with a freemium account,Unlock with a freemium account,https://www.4coffshore.com/windfarms/sweden/lillgrund-sweden-se05.html'
1,Kårehamn,,Sweden,Fully Commissioned,,Kalmar,"Distance between the wind turbines : 350-400 m, Prices can be found on EON wind factbook (http://www.eon.com/content/dam/eon-com/en/downloads/e/EON_Offshore_Wind_Factbook_en_December_2011.pdf)",https://se.rwe.com/en/locations/wind-farm-karehamn/,27 Sep 2013,2013,48 MW,48,V112-3.0 MW Offshore,3,16,Grounded: Gravity-Base,Baltic Sea,17.02,56.984757°,1.810543,3.8,https://www.4coffshore.com/windfarms/sweden/k%c3%a5rehamn-sweden-se08.html
1,TetraSpar Demonstrator - Metcentre,Floating Wind TetraSpar Demonstrator,Norway,Fully Commissioned,Unlock with a freemium account,Unlock with a freemium account,"‘TetraSpar’ floating foundation concept - modular layout consists of a tubular steel main structure with a suspended keel. The TetraSpar Demonstrator uses a 3.6 MW turbine and was assembled in the port of Grenaa in Denmark. The platform was towed to the Metcentre test site, located 10 km from shore in 200m deep water, in Norway.",,01 Dec 2021,2021,3.6 MW,3.6,SWT-3.6-120,3.6,1,Floating: Semi-Spar - Steel,North Sea,5.013,59.150751°,0,10,https://www.4coffshore.com/windfarms/norway/tetraspar-demonstrator---metcentre-norway-no59.html'
1,UNITECH Zefyros by Hywind Technology,"Karmoy, Hywind-Demo; Hywind Demo",Norway,Fully Commissioned,Unlock with a freemium account,Unlock with a freemium account,World's first full-scale floating wind turbine.,Unlock with a freemium account,01 Dec 2009,2009,2.3 MW,2.3,SWT-2.3-82,2.3,1,Floating: Spar Floater - Steel,North Sea,5.03,59.140293°,0,10,https://www.4coffshore.com/windfarms/norway/unitech-zefyros-by-hywind-technology-norway-no04.html'
1,DemoSATH - BIMEP,SATH (Swinging Around Twin Hull) 2 MW,Spain,Fully Commissioned,Unlock with a freemium account,Unlock with a freemium account,"The SATH Technology floater is based on a twin hull, made of modularly prefabricated and subsequently braced concrete elements.For the prototype, the structure and the 2MW wind turbine will be assembled in the port of Bilbao. The base of the structure will be approximately 30 meters wide and approximately  64 meters long. The platform, including the turbine, will be towed to its anchorage point in a test field 2 miles off the coast at a depth of 85 meter. Hybrid mooring lines, composed by chains and fiber, anchored to the seabed will hold the floating body in position. The objective of the project is to collect data and gain real-life knowledge from the construction, operation and maintenance of the unit. DemoSATH will test the offshore behaviour of the platform in addition to the construction procedure to be used in future for mass production.",Unlock with a freemium account,18 Sep 2023,2023,2 MW,2,Unlock with a freemium account,2,1,Floating: Barge - Concrete,Bay of Biscay,-2.882,43.468012°,0.490952,3.2,https://www.4coffshore.com/windfarms/spain/demosath---bimep-spain-es63.html'
1,WindFloat Atlantic (WFA),WindFloat - Phase 2,Portugal,Fully Commissioned,Unlock with a freemium account,Unlock with a freemium account,"Project follows WindFloat 1 Prototype (WF1) - One 2 MW demonstration turbine. 18 km off the coast of Viana do Castelo, Portugal.",Unlock with a freemium account,22 Jul 2020,2020,25 MW,25,V164-8.0 MW,8.4,3,Floating: Semi-Submersible Platform - Steel,North Atlantic Ocean,-9.306,41.68721°,11.298036,18,https://www.4coffshore.com/windfarms/portugal/windfloat-atlantic-(wfa)-portugal-pt03.html'
1,Provence Grand Large,"Appel à projets - Fermes pilotes éoliennes flottantes Faraman, PGL; Les éoliennes flottantes de Provence Grand Large; 
 Parc Eolien Offshore de Provence Grand Large",France,Under Construction,Unlock with a freemium account,Unlock with a freemium account,Unlock with a freemium account,Unlock with a freemium account,01 Mar 2024,2024,25.2 MW,25.2,SWT-8.0-154,8.4,3,Floating: Tension Leg Platform - Steel,Mediterranean Sea Western Basin,4.794,43.188833°,0.563094,17,https://www.4coffshore.com/windfarms/france/provence-grand-large-france-fr65.html'
1,Saint-Nazaire,Parc du Banc de Guerande project; Projet de parc éolien en mer de Saint-Nazaire; Parc éolien en mer du Banc de Guérande,France,Fully Commissioned,Unlock with a freemium account,Unlock with a freemium account,Installed capacity: 480 MW Support scheme: Feed-in tariff Capex amount: ~2 bnEUR Turbines type: 80 x 6 MW GE Haliade Foundations: Monopiles Distance from shore: From 12 to 20 km Sea depth (average): 18 m Wind speed (average): 8.6 m/s,Unlock with a freemium account,23 Nov 2022,2022,480 MW,480,Haliade 150-6MW,6,80,Grounded: Monopile,Bay of Biscay,-2.2,47.15745°,78.612283,12,https://www.4coffshore.com/windfarms/france/saint-nazaire-france-fr37.html'
,Rampion,"Hastings, Zone 6",United Kingdom,Fully Commissioned,Unlock with a freemium account,Unlock with a freemium account,Unlock with a freemium account,Unlock with a freemium account,Unlock with a freemium account,#VALUE!,400.2 MW,400.2,Unlock with a freemium account,,#DIV/0!,Unlock with a freemium account,English Channel,,50.670301°,Unlock with a freemium account,Unlock with a freemium account,https://www.4coffshore.com/windfarms/united-kingdom/rampion-united-kingdom-uk36.html'
,Kentish Flats,,United Kingdom,Fully Commissioned,Unlock with a freemium account,Unlock with a freemium account,Unlock with a freemium account,Unlock with a freemium account,Unlock with a freemium account,#VALUE!,90 MW,90,Unlock with a freemium account,,#DIV/0!,Unlock with a freemium account,North Sea,,51.460416°,Unlock with a freemium account,Unlock with a freemium account,https://www.4coffshore.com/windfarms/united-kingdom/kentish-flats-united-kingdom-uk12.html'
,Kentish Flats Extension,Kentish Flats 2,United Kingdom,Fully Commissioned,Unlock with a freemium account,Unlock with a freemium account,Unlock with a freemium account,Unlock with a freemium account,Unlock with a freemium account,#VALUE!,49.5 MW,49.5,Unlock with a freemium account,,#DIV/0!,Unlock with a freemium account,North Sea,,51.450714°,Unlock with a freemium account,Unlock with a freemium account,https://www.4coffshore.com/windfarms/united-kingdom/kentish-flats-extension-united-kingdom-uk60.html'
,Thanet,,United Kingdom,Fully Commissioned,Unlock with a freemium account,Unlock with a freemium account,Unlock with a freemium account,Unlock with a freemium account,Unlock with a freemium account,#VALUE!,300 MW,300,Unlock with a freemium account,,#DIV/0!,Unlock with a freemium account,North Sea,,51.430406°,Unlock with a freemium account,Unlock with a freemium account,https://www.4coffshore.com/windfarms/united-kingdom/thanet-united-kingdom-uk29.html'
1,London Array,,United Kingdom,Fully Commissioned,Unlock with a freemium account,Unlock with a freemium account,Unlock with a freemium account,Unlock with a freemium account,06 Apr 2013,2013,630 MW,630,SWT-3.6-120,3.6,175,Grounded: Monopile,North Sea,1.553611,51.626809°,106.959922,20,https://www.4coffshore.com/windfarms/united-kingdom/london-array-united-kingdom-uk14.html'
,Gunfleet Sands 3 - Demonstration Project,Gunfleet Sands Extension,United Kingdom,Fully Commissioned,Unlock with a freemium account,Unlock with a freemium account,Unlock with a freemium account,Unlock with a freemium account,Unlock with a freemium account,#VALUE!,12 MW,12,Unlock with a freemium account,,#DIV/0!,Unlock with a freemium account,North Sea,,51.703777°,Unlock with a freemium account,Unlock with a freemium account,https://www.4coffshore.com/windfarms/united-kingdom/gunfleet-sands-3---demonstration-project-united-kingdom-uk73.html'
,Gunfleet Sands,GFS,United Kingdom,Fully Commissioned,Unlock with a freemium account,Unlock with a freemium account,Unlock with a freemium account,Unlock with a freemium account,Unlock with a freemium account,#VALUE!,172.8 MW,172.8,Unlock with a freemium account,,#DIV/0!,Unlock with a freemium account,North Sea,,51.730157°,Unlock with a freemium account,Unlock with a freemium account,https://www.4coffshore.com/windfarms/united-kingdom/gunfleet-sands--united-kingdom-uk07.html'
,Greater Gabbard,GGOWL,United Kingdom,Fully Commissioned,Unlock with a freemium account,Unlock with a freemium account,Unlock with a freemium account,Unlock with a freemium account,Unlock with a freemium account,#VALUE!,504 MW,504,Unlock with a freemium account,,#DIV/0!,Unlock with a freemium account,North Sea,,51.883984°,Unlock with a freemium account,Unlock with a freemium account,https://www.4coffshore.com/windfarms/united-kingdom/greater-gabbard-united-kingdom-uk05.html'
,Galloper,,United Kingdom,Fully Commissioned,Unlock with a freemium account,Unlock with a freemium account,Unlock with a freemium account,Unlock with a freemium account,Unlock with a freemium account,#VALUE!,353 MW,353,Unlock with a freemium account,,#DIV/0!,Unlock with a freemium account,North Sea,,51.893154°,Unlock with a freemium account,Unlock with a freemium account,https://www.4coffshore.com/windfarms/united-kingdom/galloper-united-kingdom-uk62.html'
1,East Anglia ONE,"East Anglia Array, Zone 5, Norfolk, EA ONE",United Kingdom,Fully Commissioned,Unlock with a freemium account,Unlock with a freemium account,"The EA zone has favourable conditions including relatively low water depths, convenient location near demand centres and good wind conditions. The project supply chain plans references plans to use a small area (three to five turbine locations) of the EA1 Project as a demonstration site for turbines and foundations.",Unlock with a freemium account,27 Jul 2020,2020,714 MW,714,SWT-7.0-154,7,102,Grounded: Jacket (Piled),North Sea,2.479972,52.232703°,162.945085,43,https://www.4coffshore.com/windfarms/united-kingdom/east-anglia-one-united-kingdom-uk64.html'
,Scroby Sands,,United Kingdom,Fully Commissioned,Unlock with a freemium account,Unlock with a freemium account,Unlock with a freemium account,Unlock with a freemium account,Unlock with a freemium account,#VALUE!,60 MW,60,Unlock with a freemium account,,#DIV/0!,Unlock with a freemium account,North Sea,,52.645725°,Unlock with a freemium account,Unlock with a freemium account,https://www.4coffshore.com/windfarms/united-kingdom/scroby-sands-united-kingdom-uk23.html'
,Sheringham Shoal,,United Kingdom,Fully Commissioned,Unlock with a freemium account,Unlock with a freemium account,Unlock with a freemium account,Unlock with a freemium account,Unlock with a freemium account,#VALUE!,316.8 MW,316.8,Unlock with a freemium account,,#DIV/0!,Unlock with a freemium account,North Sea,,53.135574°,Unlock with a freemium account,Unlock with a freemium account,https://www.4coffshore.com/windfarms/united-kingdom/sheringham-shoal-united-kingdom-uk27.html'
,Dudgeon,,United Kingdom,Fully Commissioned,Unlock with a freemium account,Unlock with a freemium account,Unlock with a freemium account,Unlock with a freemium account,Unlock with a freemium account,#VALUE!,402 MW,402,Unlock with a freemium account,,#DIV/0!,Unlock with a freemium account,North Sea,,53.265355°,Unlock with a freemium account,Unlock with a freemium account,https://www.4coffshore.com/windfarms/united-kingdom/dudgeon-united-kingdom-uk04.html'
1,Race Bank,ROW01,United Kingdom,Fully Commissioned,Unlock with a freemium account,Unlock with a freemium account,"Race Bank will be part of Ofgem's Tender Round 5, expected to launch later in 2016, with regards to the sale of its offshore transmission assets once constructed. The park will be the first to implements Siemens 6.0MW platform with performance enhancing features delivering a capacity of 6.3MW. Race Bank will comprise of 91 Siemens SWT-6.0-154 turbines with a power output of 6.3MW totalling 573.3MW installed capacity and with a Transmission Entry Capacity of 565MW at the Offshore Transmission Owner (OFTO) interface point. A figure of 548MW has been provided to NGET which is the value to be exported at the onshore boundary point. The difference between installed and connected capacity is attributed to WTG transformer and array cable losses.",Unlock with a freemium account,01 Feb 2018,2018,573.3 MW,573.3,SWT-6.0-154,6.3,91,Grounded: Monopile,North Sea,0.841,53.276579°,62.378514,27,https://www.4coffshore.com/windfarms/united-kingdom/race-bank-united-kingdom-uk18.html'
,Lincs,,United Kingdom,Fully Commissioned,Unlock with a freemium account,Unlock with a freemium account,Unlock with a freemium account,Unlock with a freemium account,Unlock with a freemium account,#VALUE!,270 MW,270,Unlock with a freemium account,,#DIV/0!,Unlock with a freemium account,North Sea,,53.190474°,Unlock with a freemium account,Unlock with a freemium account,https://www.4coffshore.com/windfarms/united-kingdom/lincs-united-kingdom-uk13.html'
,Lynn,,United Kingdom,Fully Commissioned,Unlock with a freemium account,Unlock with a freemium account,Unlock with a freemium account,Unlock with a freemium account,Unlock with a freemium account,#VALUE!,97.2 MW,97.2,Unlock with a freemium account,,#DIV/0!,Unlock with a freemium account,North Sea,,53.136669°,Unlock with a freemium account,Unlock with a freemium account,https://www.4coffshore.com/windfarms/united-kingdom/lynn-united-kingdom-uk15.html'
,Inner Dowsing,,United Kingdom,Fully Commissioned,Unlock with a freemium account,Unlock with a freemium account,Unlock with a freemium account,Unlock with a freemium account,Unlock with a freemium account,#VALUE!,97.2 MW,97.2,Unlock with a freemium account,,#DIV/0!,Unlock with a freemium account,North Sea,,53.189072°,Unlock with a freemium account,Unlock with a freemium account,https://www.4coffshore.com/windfarms/united-kingdom/inner-dowsing-united-kingdom-uk11.html'
,Triton Knoll,,United Kingdom,Fully Commissioned,Unlock with a freemium account,Unlock with a freemium account,Unlock with a freemium account,Unlock with a freemium account,Unlock with a freemium account,#VALUE!,857 MW,857,Unlock with a freemium account,,#DIV/0!,Unlock with a freemium account,North Sea,,53.47846°,Unlock with a freemium account,Unlock with a freemium account,https://www.4coffshore.com/windfarms/united-kingdom/triton-knoll-united-kingdom-uk30.html'
,Humber Gateway,,United Kingdom,Fully Commissioned,Unlock with a freemium account,Unlock with a freemium account,Unlock with a freemium account,Unlock with a freemium account,Unlock with a freemium account,#VALUE!,219 MW,219,Unlock with a freemium account,,#DIV/0!,Unlock with a freemium account,North Sea,,53.644288°,Unlock with a freemium account,Unlock with a freemium account,https://www.4coffshore.com/windfarms/united-kingdom/humber-gateway-united-kingdom-uk10.html'
1,Westermost Rough,,United Kingdom,Fully Commissioned,Unlock with a freemium account,Unlock with a freemium account,"Stated cost includes cost of transmission assets. The transmission tender round will be under the generator-build model and not the OFTO-build model. This means that the owner will build the transmission and another organisation will buy the transmission at a later date. Rob Sampson (Head of Operations Grimsby) has mentioned that “We will have a helicopter under contract, which is provided primarily for unplanned maintenance when you can’t get a vessel out in the field because you have been weathered off.This will be the first Dong site to use a helicopter, so it is a pioneering area for us.”",Unlock with a freemium account,26 May 2015,2015,210 MW,210,SWT-6.0-154,6,35,Grounded: Monopile,North Sea,0.15,53.805882°,34.925383,8,https://www.4coffshore.com/windfarms/united-kingdom/westermost-rough-united-kingdom-uk34.html'
1,Hornsea Project One,"Zone 4, Subzone 1, Heron Wind & Njord",United Kingdom,Fully Commissioned,Unlock with a freemium account,Unlock with a freemium account,"The transmission assets have been named Vi Aura Transmission Ltd. Hornsea Project One will contain three HVAC substations. It will also contain a reactive compensation substation half way along the route due to the wind farms moving further offshore. The export capacity of 1200MW is detemined by the limitations of the offshore substations, while the aggregated installed generator capacity is 1218MW. Neptune Energy has signed an MOU with Orsted and Goal7. Orsted, Neptune Energy and Goal7 are exploring the potential for integrating energy systems and powering future Neptune operated hubs in the North Sea. Goal7 is responsible for project management and technical input.",Unlock with a freemium account,31 Dec 2019,2019,1218 MW,1218,SWT-7.0-154,7,174,Grounded: Monopile,North Sea,1.922,53.883302°,407.59885,120,https://www.4coffshore.com/windfarms/united-kingdom/hornsea-project-one-united-kingdom-uk81.html'
1,Hornsea Project Two,"Zone 4, Hornsea Project 2 (Optimus and Breesea)",United Kingdom,Fully Commissioned,Unlock with a freemium account,Unlock with a freemium account,"The maximum capacity stated in the development consent order for Project Two is 1800MW. Breesea Limited (DONG Energy) secured Contract for Difference (CFD) for 1386MW, developer may opt for ‘overplanting’, or WTG generating capacity more than it has grid connection capacity/CfD allocation. Neptune Energy has signed an MOU with Orsted and Goal7. Orsted, Neptune Energy and Goal7 are exploring the potential for integrating energy systems and powering future Neptune operated hubs in the North Sea. Goal7 is responsible for project management and technical input.",Unlock with a freemium account,31 Aug 2022,2022,1386 MW,1386,SG 8.0-167 DD,8,165,Grounded: Monopile,North Sea,1.688,53.940235°,461.89033,89,https://www.4coffshore.com/windfarms/united-kingdom/hornsea-project-two-united-kingdom-uk1u.html'
,Teesside,Redcar,United Kingdom,Fully Commissioned,Unlock with a freemium account,Unlock with a freemium account,Unlock with a freemium account,Unlock with a freemium account,Unlock with a freemium account,#VALUE!,62.1 MW,62.1,Unlock with a freemium account,,#DIV/0!,Unlock with a freemium account,North Sea,,54.645318°,Unlock with a freemium account,Unlock with a freemium account,https://www.4coffshore.com/windfarms/united-kingdom/teesside-united-kingdom-uk28.html'
,Blyth Offshore Demonstrator - phase 1,"Blyth Offshore Demonstrator Project - Array 2, NaREC Offshore Wind Demonstration Project, BOD",United Kingdom,Fully Commissioned,Unlock with a freemium account,Unlock with a freemium account,Unlock with a freemium account,Unlock with a freemium account,Unlock with a freemium account,#VALUE!,41.5 MW,41.5,Unlock with a freemium account,,#DIV/0!,Unlock with a freemium account,North Sea,,55.13098°,Unlock with a freemium account,Unlock with a freemium account,https://www.4coffshore.com/windfarms/united-kingdom/blyth-offshore-demonstrator---phase-1-united-kingdom-uk70.html'
1,Seagreen,"Zone 2, Firth of Forth Alpha-Bravo; Seagreen Alpha; Seagreen Bravo, Seagreen Phase 1",United Kingdom,Fully Commissioned,Unlock with a freemium account,Unlock with a freemium account,"In 2018, Seagreen Wind Energy Limited was awarded exclusive development rights to the Firth of Forth Round 3 Offshore Wind Farm Development Zone by the Crown Estate, under its third round of offshore wind licencing arrangements. Consent for Seagreen Alpha and Seagreen Bravo OWFs and the Offshore Transmission Asset was awarded by Scottish Ministers in October 2014.The consents were confirmed in November 2017, following a legal challenge by the RSPB to the consent award decision. In March 2018, SWEL applied for a consent variation to remove the 525MW generating limit for sites Alpha and Bravo so as to enable the installation of more powerful turbines and maximise the output to 1.5GW. This was approved on 28th August 2018. In September 2018 SWEL submitted a separate application for an optimised Seagreen Project design and EIA report to take advantage of technological advances. SWEL was sucessful in the May 2019 CfD auction for 454MW at a strike price of £41.61/MWh in auction delivery year 2024/25. The CfD contract represents 42% of the total project capacity although SSE Renewables is planning to build out the remaining capacity of 621MW to yield a total 1,075MW. SSE are exploring the potential for achieving price stability for the remaining output, including PPAs.",Unlock with a freemium account,17 Oct 2023,2023,1140 MW,1140,V164-10.0 MW,10,114,Grounded: Jacket (Suction Bucket),North Sea,-1.717,56.597408°,332.38431,27,https://www.4coffshore.com/windfarms/united-kingdom/seagreen-united-kingdom-uk44.html'
1,Kincardine - phase 2,KOWL; Kincardine Offshore Wind Farm,United Kingdom,Fully Commissioned,Unlock with a freemium account,Unlock with a freemium account,"KOWL made the decision to initially only install a 2MW turbine (at location KIN-01) in 2018 so as to meet the RO deadline (September 2018). For the installation of the 2MW turbine the semi-submersible WindFloat™ prototype from the demonstrator site in Portugal (4C Offshore ref:PT01) was utilised. A single export cable was installed in 2018. KOWL intends to install a further five turbines in 2020 to bring to project capacity up to 50MW as well as 5 33kV array cables and a second export cable. Subject to approval the first 2 MW turbine at KIN-01 location is also expected to be removed and re-installed at KIN-06 location (Unit will be re-named KIN-06). The COVID-19 pandemic caused supply chain and construction delays pushing commissioning back by six months. The project was fully commissioned in August 2021. It will generate up to 220 GWh of clean electricity each year, enough for 55,000 households.",Unlock with a freemium account,19 Oct 2021,2021,47.5 MW,47.5,V164-9.5 MW,9.5,5,Floating: Semi-Submersible Platform - Steel,North Sea,-1.854,57.006742°,24.204281,15,https://www.4coffshore.com/windfarms/united-kingdom/kincardine---phase-2-united-kingdom-uk4n.html'
1,Aberdeen (EOWDC),"Aberdeen Bay, European Offshore Wind Deployment Centre - EOWDC, AOWF",United Kingdom,Fully Commissioned,Unlock with a freemium account,Unlock with a freemium account,MHI Vestas specially designed the V164-8.4 MW and V164-8.8 MW turbines. The turbines will be the first V164 models installed on a jacket foundation and utilising suction buckets and the 'short tower' option. The project will also be the first to validate 66kV technology.,Unlock with a freemium account,25 Jul 2018,2018,93.2 MW,93.2,V164-8.0 MW,8.4,11,Grounded: Jacket (Suction Bucket),North Sea,-1.997,57.225709°,19.986582,2.4,https://www.4coffshore.com/windfarms/united-kingdom/aberdeen-(eowdc)-united-kingdom-uk47.html'
1,Hywind Scotland Pilot Park,"Hywind II, Hywind 2, Buchan Deep",United Kingdom,Fully Commissioned,Unlock with a freemium account,Unlock with a freemium account,"The principal objectives of the 5x6MW pilot are to verify the new up-scaled design, the reliability and availability of multiple turbines, and to cultivate a supply chain, thereby demonstrating the viability of a future commercial scale park. FID was made in 2015 and the project will be commissioned in Q4 2017. The new upscaled design shows a 17% reduction in weight (1917t/MW versus 2304t/MW) and 25m draught reduction from 100m to 75m compensated for by an increased diameter of the spar, an important fabrication challenge brought about by the new design. The maximum life of the park is 25 Years. Average wind speed = 10.1 m/s",Unlock with a freemium account,18 Oct 2017,2017,30 MW,30,SWT-6.0-154,6,5,Floating: Spar Floater - Steel,North Sea,-1.362,57.484285°,15.385577,25,https://www.4coffshore.com/windfarms/united-kingdom/hywind-scotland-pilot-park-united-kingdom-uk76.html'
1,Moray East,"Zone 1, Moray Central A, Moray Firth Eastern Development Area, Stevenson, Telford and MacColl.",United Kingdom,Fully Commissioned,Unlock with a freemium account,Unlock with a freemium account,"Upon CfD results on 11/09/2017 capacity was announced to be 950MW. Moray East will be built in 3 phases with delivery year of the first phase as 2022/23. Original capacity prior to CfD was 1116MW so there is 166MW left over capacity. Development costs until the end of 2015 for Moray Firth are in the region of 70 million GBP, according to a EDP Renewables presentation given in July 2014. Over the three projects the transmission infrastructure will consist of 2 AC offshore substations and up to 4 export cables. The complete DEVEX spend up until the end of 2014 was £45 million for the Moray Firth Eastern Development. The eastern site will be developed first and decisions on the western site will be made at a later date. Therefore the eastern projects will be submitted for consent separately to the western project. All eastern projects have submitted for consent at the same time. July 2014 The Crown Estate invited all Round 3 developers to revise the terms of their agreement as the projects transition from zone appraisals to project development. This could mean that zone development agreements are replaced with project specific contractural agreements.",Unlock with a freemium account,01 Apr 2022,2022,950 MW,950,V164-9.5 MW,9.5,100,Grounded: Jacket (Piled),North Sea,-2.72,58.188269°,295.389771,22,https://www.4coffshore.com/windfarms/united-kingdom/moray-east-united-kingdom-uk40.html'
,Beatrice,BOWL,United Kingdom,Fully Commissioned,Unlock with a freemium account,Unlock with a freemium account,Unlock with a freemium account,Unlock with a freemium account,Unlock with a freemium account,#VALUE!,588 MW,588,Unlock with a freemium account,,#DIV/0!,Unlock with a freemium account,North Sea,,58.254023°,Unlock with a freemium account,Unlock with a freemium account,https://www.4coffshore.com/windfarms/united-kingdom/beatrice-united-kingdom-uk53.html'
,,,,,,,,,,1899,,0,,,#DIV/0!,,,,,,,https://www.4coffshore.com/windfarms/united-kingdom/robin-rigg-united-kingdom-uk20.html'
,Walney Extension,"Walney 3 and 4, Walney Extension East and West",United Kingdom,Fully Commissioned,Unlock with a freemium account,Unlock with a freemium account,Unlock with a freemium account,Unlock with a freemium account,Unlock with a freemium account,#VALUE!,659 MW,659,Unlock with a freemium account,,#DIV/0!,Unlock with a freemium account,Irish Sea and St Georges Channel,,54.087619°,Unlock with a freemium account,Unlock with a freemium account,https://www.4coffshore.com/windfarms/united-kingdom/walney-extension-united-kingdom-uk63.html'
1,Walney - phase 1,,United Kingdom,Fully Commissioned,Unlock with a freemium account,Unlock with a freemium account,"Cost is for the two sites (Walney 1 and 2) and excludes cost of connection to grid. The assessed transfer value of the Walney 1 project transmission assets is £105,411,350. Project uses the met mast at Cirrus Shell Flats",Unlock with a freemium account,12 Jul 2011,2011,183.6 MW,183.6,SWT-3.6-107,3.6,51,Grounded: Monopile,Irish Sea and St Georges Channel,-3.513,54.040484°,27.15618,15,https://www.4coffshore.com/windfarms/united-kingdom/walney---phase-1-united-kingdom-uk31.html'
,Walney - phase 2,,United Kingdom,Fully Commissioned,Unlock with a freemium account,Unlock with a freemium account,Unlock with a freemium account,Unlock with a freemium account,Unlock with a freemium account,#VALUE!,183.6 MW,183.6,Unlock with a freemium account,,#DIV/0!,Unlock with a freemium account,Irish Sea and St Georges Channel,,54.081034°,Unlock with a freemium account,Unlock with a freemium account,https://www.4coffshore.com/windfarms/united-kingdom/walney---phase-2-united-kingdom-uk32.html'
,Ormonde,,United Kingdom,Fully Commissioned,Unlock with a freemium account,Unlock with a freemium account,Unlock with a freemium account,Unlock with a freemium account,Unlock with a freemium account,#VALUE!,150 MW,150,Unlock with a freemium account,,#DIV/0!,Unlock with a freemium account,Irish Sea and St Georges Channel,,54.08827°,Unlock with a freemium account,Unlock with a freemium account,https://www.4coffshore.com/windfarms/united-kingdom/ormonde-united-kingdom-uk17.html'
1,West of Duddon Sands,West Duddon,United Kingdom,Fully Commissioned,Unlock with a freemium account,Unlock with a freemium account,Project used the Met mast at Cirrus Shell Flats,Unlock with a freemium account,30 Oct 2014,2014,389 MW,389,SWT-3.6-120,3.6,108,Grounded: Monopile,Irish Sea and St Georges Channel,-3.464,53.98408°,66.889246,15,https://www.4coffshore.com/windfarms/united-kingdom/west-of-duddon-sands-united-kingdom-uk33.html'
,Barrow,BOWL (Barrow Offshore Windfarms Ltd),United Kingdom,Fully Commissioned,Unlock with a freemium account,Unlock with a freemium account,Unlock with a freemium account,Unlock with a freemium account,Unlock with a freemium account,#VALUE!,90 MW,90,Unlock with a freemium account,,#DIV/0!,Unlock with a freemium account,Irish Sea and St Georges Channel,,53.991471°,Unlock with a freemium account,Unlock with a freemium account,https://www.4coffshore.com/windfarms/united-kingdom/barrow-united-kingdom-uk01.html'
1,Burbo Bank,Crosby Flats,United Kingdom,Fully Commissioned,Unlock with a freemium account,Unlock with a freemium account,Unlock with a freemium account,Unlock with a freemium account,18 Oct 2007,2007,90 MW,90,SWT-3.6-107,3.6,25,Grounded: Monopile,Irish Sea and St Georges Channel,-3.187,53.488666°,9.946535,6.4,https://www.4coffshore.com/windfarms/united-kingdom/burbo-bank-united-kingdom-uk02.html'
,Burbo Bank Extension,Burbo Bank 2,United Kingdom,Fully Commissioned,Unlock with a freemium account,Unlock with a freemium account,Unlock with a freemium account,Unlock with a freemium account,Unlock with a freemium account,#VALUE!,258 MW,258,Unlock with a freemium account,,#DIV/0!,Unlock with a freemium account,Irish Sea and St Georges Channel,,53.483698°,Unlock with a freemium account,Unlock with a freemium account,https://www.4coffshore.com/windfarms/united-kingdom/burbo-bank-extension-united-kingdom-uk59.html'
,North Hoyle,,United Kingdom,Fully Commissioned,Unlock with a freemium account,Unlock with a freemium account,Unlock with a freemium account,Unlock with a freemium account,Unlock with a freemium account,#VALUE!,60 MW,60,Unlock with a freemium account,,#DIV/0!,Unlock with a freemium account,Irish Sea and St Georges Channel,,53.417429°,Unlock with a freemium account,Unlock with a freemium account,https://www.4coffshore.com/windfarms/united-kingdom/north-hoyle-united-kingdom-uk16.html'
1,Gwynt y Môr,Gwynt y Mor,United Kingdom,Fully Commissioned,Unlock with a freemium account,Unlock with a freemium account,Hub height provided is the maximum height. Between the 25th May and the 10th of August Seaway Heavy Lifting vessel Stanislav Yudin set a record for the rate of foundations installed. 80 monopiles and 32 transition pieces in 77 days. Location: Liverpool Bay.,Unlock with a freemium account,18 Jun 2015,2015,576 MW,576,SWT-3.6-107,3.6,160,Grounded: Monopile,Irish Sea and St Georges Channel,-3.584,53.45882°,68.02485,16,https://www.4coffshore.com/windfarms/united-kingdom/gwynt-y-m%c3%b4r-united-kingdom-uk09.html'
,Rhyl Flats,,United Kingdom,Fully Commissioned,Unlock with a freemium account,Unlock with a freemium account,Unlock with a freemium account,Unlock with a freemium account,Unlock with a freemium account,#VALUE!,90 MW,90,Unlock with a freemium account,,#DIV/0!,Unlock with a freemium account,Irish Sea and St Georges Channel,,53.378958°,Unlock with a freemium account,Unlock with a freemium account,https://www.4coffshore.com/windfarms/united-kingdom/rhyl-flats-united-kingdom-uk19.html'
1,Coastal Virginia Offshore Wind - CVOW,"Lease OCS-A 0497, CVOW, Virginia Offshore Wind Technology Advancement Project (VOWTAP); CVOW Pilot",United States,Fully Commissioned,Unlock with a freemium account,Unlock with a freemium account,Hurricane resilient design Time of Year Restrictions in place: Sea Turtle Nesting on Beaches – May 1 to August 1 North Atlantic Right Whale Migration Period – November 1 to April 30,Unlock with a freemium account,01 Dec 2020,2020,12 MW,12,SWT-6.0-154,6,2,Grounded,North Atlantic Ocean,-75.492,36.908197°,8.646513,35,https://www.4coffshore.com/windfarms/united-states/coastal-virginia-offshore-wind---cvow-united-states-us4b.html'
1,Block Island,BIWF,United States,Fully Commissioned,Unlock with a freemium account,Unlock with a freemium account,The cost includes the costs of the 30MW project and the export cabling. A Power Purchase Agreement (PPA) has been signed with Narragansett Electric. The upper limit under the agreement is 24.4 cents per kW/h. Approximate Depths. This pilot could be followed by a 110MW expansion. The transmission grid connection will be subject to a separate determination of competitive interest. The landing point was originally Narragansett Pier but Deepwater withdrew this application after local opposition.,Unlock with a freemium account,07 Feb 2017,2017,30 MW,30,Haliade 150-6MW,6,5,Grounded: Jacket (Piled),North Atlantic Ocean,-71.521,41.115863°,2.410339,4.5,https://www.4coffshore.com/windfarms/united-states/block-island-united-states-us12.html'
1,TPC - Changhua phase 1 Demonstration,"台电示范风场;
 台電離岸風力發電第一期計畫;
 Taipower Offshore Wind Farm",Taiwan,Fully Commissioned,Unlock with a freemium account,Unlock with a freemium account,"Changhua Demonstration is 109.2 MW wind farm consisting of 21 turbines 6km off the coast of Changhua County, Taiwan. The turbines are in waters 18-28m deep. The project's developer is Taipower. According to MOEA, in addition to the 50% incentive fees for the installation of demonstration units provided through the Demonstration Incentive Program, NT$ 2.5 hundred million (8.33 million US$) will also be subsidized for the demonstration wind farm development. Demonstration Incentive Program requires that two turbines are demonstration/test models",Unlock with a freemium account,31 Aug 2021,2021,109.2 MW,109.2,HTW5.2-127,5.2,21,Grounded: Jacket (Piled),South China Sea,120.242,23.987138°,8.413082,6,https://www.4coffshore.com/windfarms/taiwan/tpc---changhua-phase-1-demonstration-taiwan-tw24.html'
1,Greater Changhua 2a - South West,"大彰化西南第一階段離岸風場
 SW Greater Changhua Offshore Wind Farm
 Da-Chang-Hua (Greater Changhua) Offshore Wind Farm
 Changhua 1-6 - Development Zone,
 Changhua 2
 ZoP 14",Taiwan,Fully Commissioned,Unlock with a freemium account,Unlock with a freemium account,"Orsted Taiwan's Greater Changhua Offshore Wind Power Project ""大彰化離岸風電計畫 "" includes four proecjts (North-East, North-West, South-East, South-West), with a total capacity of 2.4GW. It is hoped after 2021 it will supply power to 2.8m homes. The South East and South West wind farms achieved grid connected capacity of 900 MW in April 2018. Approval licences are expected to be gained by end of 2018 for first construction. August 2015 - feed-in tariff for offshore wind, set at TWD 7.1085/kWh for first ten years of operation, and TWD 3.4586/kWh for the ten years following. The Bureau of Energy, Ministry of Economic Affairs has invited applications from developers to develop this site. The area is one of 36 designated for offshore wind development by the government, providing a total capacity of 25GW if all 36 sites are developed to their full potential. A single site must have a capacity greater than 100MW and an average power density of 5MW per km2 or greater. The government has a target of 4GW of offshore wind by 2030. Each zone has been selected as it avoids (1) wetlands, (2) set-fishing areas, (3) aquatic animal and plant breeding conservation areas, (4) Beluga whale habitat areas, (5) critical wildlife habitats, (6) Taijiang Park, (7) artillery firing zones, (8) other Control Zones and ranges, (9) port and mooring areas, (10) subsea pipelines (11) spent shells and forbidden anchoring zones, (12) Taiwan coastal nature conservation area, (13) important habitat for wild birds, (14) protected reef area, (15) artificial reef fishing areas, (16) Penghu submarine cable, (17) submarine cables (fiber optic cable), (18) natural gas pipeline, (19) offshore demonstration reward sites, (20) Linkou Power Plant and ash zone, (21) Akira coal terminal and waterways, (22) industrial zones (23) fishing port ranges. 10m average wind speed 8.8m/s",Unlock with a freemium account,15 Sep 2023,2023,294.8 MW,294.8,SG 8.0-167 DD,8,36,Grounded: Jacket (Piled),South China Sea,119.833,24.174978°,61.334091,50.1,https://www.4coffshore.com/windfarms/taiwan/greater-changhua-2a---south-west-taiwan-tw37.html'
1,Formosa II,"海能离岸风场-福摩萨II
 彰化縣彰濱工業區外海設置離岸風力發電廠
 Miaoli 1+2 - Development Zone
 Haineng - (ZoP 5+6)",Taiwan,Fully Commissioned,Unlock with a freemium account,Unlock with a freemium account,"10m average wind speed 8.4m/s August 2015 - feed-in tariff for offshore wind, set at TWD 7.1085/kWh for first ten years of operation, and TWD 3.4586/kWh for the ten years following. The Bureau of Energy, Ministry of Economic Affairs has invited applications from developers to develop this site. The area is one of 36 designated for offshore wind development by the government, providing a total capacity of 25GW if all 36 sites are developed to their full potential. A single site must have a capacity greater than 100MW and an average power density of 5MW per km2 or greater. The government has a target of 4GW of offshore wind by 2030. Each zone has been selected as it avoids (1) wetlands, (2) set-fishing areas, (3) aquatic animal and plant breeding conservation areas, (4) Beluga whale habitat areas, (5) critical wildlife habitats, (6) Taijiang Park, (7) artillery firing zones, (8) other Control Zones and ranges, (9) port and mooring areas, (10) subsea pipelines (11) spent shells and forbidden anchoring zones, (12) Taiwan coastal nature conservation area, (13) important habitat for wild birds, (14) protected reef area, (15) artificial reef fishing areas, (16) Penghu submarine cable, (17) submarine cables (fiber optic cable), (18) natural gas pipeline, (19) offshore demonstration reward sites, (20) Linkou Power Plant and ash zone, (21) Akira coal terminal and waterways, (22) industrial zones (23) fishing port ranges.",Unlock with a freemium account,21 Mar 2023,2023,376 MW,376,SG 8.0-167 DD,8,47,Grounded: Jacket (Piled),South China Sea,120.763,24.709514°,74.081729,3.8,https://www.4coffshore.com/windfarms/taiwan/formosa-ii-taiwan-tw29.html'
1,Formosa 1 OWF - phase 2,"苗栗離岸風場(福摩萨海上风电二期）
 Chunan；海洋離岸風力發電場；海洋風電",Taiwan,Fully Commissioned,Unlock with a freemium account,Unlock with a freemium account,"According to MOEA, in addition to the 50% incentive fees for the installation of demonstration units provided through the Demonstration Incentive Program, NT$ 2.5 hundred million (8.33 million US$) will also be subsidized for the demonstration wind farm development.",Unlock with a freemium account,31 Jan 2020,2020,120 MW,120,SWT-6.0-154,6,20,Grounded: Monopile,South China Sea,120.815,24.708372°,10.163533,2,https://www.4coffshore.com/windfarms/taiwan/formosa-1-owf---phase-2-taiwan-tw16.html'
,Formosa 1 OWF - phase 1,"苗栗離岸風場(福摩萨海上风电一期）
 Chunan(Pilot)；
 海洋離岸風力發電場；海洋風電",Taiwan,Fully Commissioned,Unlock with a freemium account,Unlock with a freemium account,Unlock with a freemium account,Unlock with a freemium account,Unlock with a freemium account,#VALUE!,8 MW,8,Unlock with a freemium account,,#DIV/0!,Unlock with a freemium account,South China Sea,,24.692419°,Unlock with a freemium account,Unlock with a freemium account,https://www.4coffshore.com/windfarms/taiwan/formosa-1-owf---phase-1-taiwan-tw22.html'
1,Noshiro Port,能代港洋上風力発電事業; 能代港洋上風力; Akita Noshiro,Japan,Fully Commissioned,Unlock with a freemium account,Unlock with a freemium account,"Akita Offshore Wind Power Co. Ltd. (秋田洋上風力発電株式会社), a special purposed company established by Marubeni Corporation (丸紅株式会社), has developed the 84 MW Noshiro Port wind farm. The project is paired with Akita Port and has an overall capacity of 139 MW. Noshiro Port has a total of 20 turbines with each turbine generating 4.2 MW. The project is located 1km off the coast of Noshiro, Japan, in waters 10-20m deep.",Unlock with a freemium account,22 Dec 2022,2022,84 MW,84,V117-4.2 MW,4.2,20,Grounded: Monopile,Japan Sea,139.98,40.200506°,3.605812,1,https://www.4coffshore.com/windfarms/japan/noshiro-port-japan-jp30.html'
1,Akita Port,秋田港洋上風力発電事業; 秋田港洋上風力; Akita Noshiro; Akita Offshore Wind Farm,Japan,Fully Commissioned,Unlock with a freemium account,Unlock with a freemium account,"Akita Offshore Wind Power Co. Ltd. (秋田洋上風力発電株式会社), a special purposed company established by Marubeni Corporation (丸紅株式会社), has developed the 54.6 MW Akita Port wind farm. The project is paired with Noshiro Port and has an overall capacity of 139 MW. Akita Port has a total of 13 turbines with each turbine generating 4.2 MW. The project is located 2km off the coast of Akita, Japan, in waters 10-30m deep.",Unlock with a freemium account,31 Jan 2023,2023,54.6 MW,54.6,V117-4.2 MW,4.2,13,Grounded: Monopile,Japan Sea,140.03,39.763459°,3.571501,2,https://www.4coffshore.com/windfarms/japan/akita-port-japan-jp29.html'
1,Kitakyushu - NEDO next generation floating wind turbine system - demonstration,"Hibiki, NEDO次世代浮体式洋上風力発電システム実証; Kitakyushu 1;
 NEDOの次世代浮体式洋上3MW風車; 北九州",Japan,Fully Commissioned,Unlock with a freemium account,Unlock with a freemium account,"Kitakyushu is a 3 MW wind farm consisting of one turbine. The project is a demonstrator based upon Ideol's damping pool design. Water depth of the turbine is 50-55m, and distance from shore is 15km.",Unlock with a freemium account,21 May 2019,2019,3 MW,3,SCD 3MW,3,1,Floating: Barge - Steel,Japan Sea,130.718,34.055251°,3.376452,15,https://www.4coffshore.com/windfarms/japan/kitakyushu---nedo-next-generation-floating-wind-turbine-system---demonstration-japan-jp47.html'
,,,,,,,,,,1899,,0,,,#DIV/0!,,,,,,,https://www.4coffshore.com/windfarms/china/datang-dalian-zhuanghe-i-china-cnb1.html'
,Dalian Zhuanghe #3 CTGNE,"三峡新能源大连市庄河III(300兆瓦)海上风电项目
 大连庄河近海III号风电场
 辽宁省大连市庄河近海III号风电场
 Zhuanghe Area III",China,Fully Commissioned,Unlock with a freemium account,Unlock with a freemium account,Unlock with a freemium account,Unlock with a freemium account,Unlock with a freemium account,#VALUE!,300 MW,300,Unlock with a freemium account,,#DIV/0!,Unlock with a freemium account,Yellow Sea,,39.504963°,Unlock with a freemium account,Unlock with a freemium account,https://www.4coffshore.com/windfarms/china/dalian-zhuanghe-233-ctgne-china-cn2v.html'
,Huaneng Dalian Zhuanghe II,"华能大连庄河海上风电II项目
 辽宁省大连市庄河近海II号风电场
 Zhuanghe Area II",China,Fully Commissioned,Unlock with a freemium account,Unlock with a freemium account,Unlock with a freemium account,Unlock with a freemium account,Unlock with a freemium account,#VALUE!,300 MW,300,Unlock with a freemium account,,#DIV/0!,Unlock with a freemium account,Yellow Sea,,39.488285°,Unlock with a freemium account,Unlock with a freemium account,https://www.4coffshore.com/windfarms/china/huaneng-dalian-zhuanghe-ii-china-cn2u.html'
,Laoting Bodhi Island 300MW Demonstration,"唐山乐亭菩提岛海上风电场300MW示范工程项目
 乐亭建投风能有限公司河北省唐山乐亭菩提岛海上风电场
 Leting Offshore Wind Power Demonstration Project
 唐山乐亭菩提岛海上风电场示范项目300MW",China,Fully Commissioned,Unlock with a freemium account,Unlock with a freemium account,Unlock with a freemium account,Unlock with a freemium account,Unlock with a freemium account,#VALUE!,300 MW,300,Unlock with a freemium account,,#DIV/0!,Unlock with a freemium account,Yellow Sea,,38.999439°,Unlock with a freemium account,Unlock with a freemium account,https://www.4coffshore.com/windfarms/china/laoting-bodhi-island-300mw-demonstration-china-cn70.html'
,Shandong Energy Bozhong A,山东能源渤中海上风电A场址,China,Fully Commissioned,Unlock with a freemium account,Unlock with a freemium account,Unlock with a freemium account,Unlock with a freemium account,Unlock with a freemium account,#VALUE!,501 MW,501,Unlock with a freemium account,,#DIV/0!,Unlock with a freemium account,Yellow Sea,,38.285709°,Unlock with a freemium account,Unlock with a freemium account,https://www.4coffshore.com/windfarms/china/shandong-energy-bozhong-a-china-cn7w.html'
,,,,,,,,,,1899,,0,,,#DIV/0!,,,,,,,https://www.4coffshore.com/windfarms/china/shandong-energy-bozhong-b-china-cnk6.html'
,,,,,,,,,,1899,,0,,,#DIV/0!,,,,,,,https://www.4coffshore.com/windfarms/china/shandong-bozhong-b2-china-cnj1.html'
,Three Gorges Shandong Changyi Laizhou Bay - phase 1,"三峡新能源山东昌邑莱州湾海上风电项目一期
 昌邑市海洋牧场与三峡300MW海上风电融合试验示范项目
 山东昌邑海上风电项目",China,Fully Commissioned,Unlock with a freemium account,Unlock with a freemium account,Unlock with a freemium account,Unlock with a freemium account,Unlock with a freemium account,#VALUE!,300 MW,300,Unlock with a freemium account,,#DIV/0!,Unlock with a freemium account,Yellow Sea,,37.263831°,Unlock with a freemium account,Unlock with a freemium account,https://www.4coffshore.com/windfarms/china/three-gorges-shandong-changyi-laizhou-bay---phase-1-china-cn4y.html'
,,,,,,,,,,1899,,0,,,#DIV/0!,,,,,,,https://www.4coffshore.com/windfarms/china/ctg-laizhou-marine-ranch-fusion-demo-china-cnc0.html'
,,,,,,,,,,1899,,0,,,#DIV/0!,,,,,,,https://www.4coffshore.com/windfarms/china/spic-shandong-peninsula-south-site-u-phase-i-china-cnk3.html'
,,,,,,,,,,1899,,0,,,#DIV/0!,,,,,,,https://www.4coffshore.com/windfarms/china/huaneng-shandong-peninsula-south-4-china-cnb8.html'
,,,,,,,,,,1899,,0,,,#DIV/0!,,,,,,,https://www.4coffshore.com/windfarms/china/spic-shandong-peninsula-south-3-(bdn323)-china-cnb9.html'
,,,,,,,,,,1899,,0,,,#DIV/0!,,,,,,,https://www.4coffshore.com/windfarms/china/spic-shandong-peninsula-south-site-v-china-cnk4.html'
,Huaneng Guanyun - phase 1,华能灌云海上风电场300MW工程一期,China,Fully Commissioned,Unlock with a freemium account,Unlock with a freemium account,Unlock with a freemium account,Unlock with a freemium account,Unlock with a freemium account,#VALUE!,300 MW,300,Unlock with a freemium account,,#DIV/0!,Unlock with a freemium account,Yellow Sea,,34.602935°,Unlock with a freemium account,Unlock with a freemium account,https://www.4coffshore.com/windfarms/china/huaneng-guanyun---phase-1-china-cn57.html'
,Xiangshui Demonstration,"江苏响水近海风电场200MW示范项目 江苏响水近海风电场项目
 江苏 响水近海 风电 项目",China,Fully Commissioned,Unlock with a freemium account,Unlock with a freemium account,Unlock with a freemium account,Unlock with a freemium account,Unlock with a freemium account,#VALUE!,202 MW,202,Unlock with a freemium account,,#DIV/0!,Unlock with a freemium account,Yellow Sea,,34.502409°,Unlock with a freemium account,Unlock with a freemium account,https://www.4coffshore.com/windfarms/china/xiangshui-demonstration-china-cn51.html'
,SPIC Binhai North H2 400MW,"中电投滨海北区H2#400MW海上风电工程
 滨海北区 H2#400MW海上风电项目",China,Fully Commissioned,Unlock with a freemium account,Unlock with a freemium account,Unlock with a freemium account,Unlock with a freemium account,Unlock with a freemium account,#VALUE!,400 MW,400,Unlock with a freemium account,,#DIV/0!,Unlock with a freemium account,Yellow Sea,,34.500572°,Unlock with a freemium account,Unlock with a freemium account,https://www.4coffshore.com/windfarms/china/spic-binhai-north-h2-400mw-china-cn4c.html'
,SPIC Binhai North H1 100MW,"江苏滨海北区 H1#100MW 海上风电场
 滨海北区H1#
 中电投滨海北区H1#100MW
 国家电投滨海北H1",China,Fully Commissioned,Unlock with a freemium account,Unlock with a freemium account,Unlock with a freemium account,Unlock with a freemium account,Unlock with a freemium account,#VALUE!,100 MW,100,Unlock with a freemium account,,#DIV/0!,Unlock with a freemium account,Yellow Sea,,34.403616°,Unlock with a freemium account,Unlock with a freemium account,https://www.4coffshore.com/windfarms/china/spic-binhai-north-h1-100mw-china-cn3w.html'
,SPIC Binhai South H3 # 300MW,"滨海南区H3海上风电场300MW项目
 中电投滨海南区H3#300MW海上风电场项目",China,Fully Commissioned,Unlock with a freemium account,Unlock with a freemium account,Unlock with a freemium account,Unlock with a freemium account,Unlock with a freemium account,#VALUE!,300 MW,300,Unlock with a freemium account,,#DIV/0!,Unlock with a freemium account,Yellow Sea,,34.301616°,Unlock with a freemium account,Unlock with a freemium account,https://www.4coffshore.com/windfarms/china/spic-binhai-south-h3-23-300mw-china-cn4h.html'
,Datang Jiangsu Binhai 300MW,"大唐江苏滨海300MW海上风电场工程 
 江苏滨海海上风电场30万千瓦风电特许权项目",China,Fully Commissioned,Unlock with a freemium account,Unlock with a freemium account,Unlock with a freemium account,Unlock with a freemium account,Unlock with a freemium account,#VALUE!,300 MW,300,Unlock with a freemium account,,#DIV/0!,Unlock with a freemium account,Yellow Sea,,34.258785°,Unlock with a freemium account,Unlock with a freemium account,https://www.4coffshore.com/windfarms/china/datang-jiangsu-binhai-300mw-china-cn23.html'
,Datang Jiangsu Binhai 300MW,"大唐江苏滨海300MW海上风电场工程 
 江苏滨海海上风电场30万千瓦风电特许权项目",China,Fully Commissioned,Unlock with a freemium account,Unlock with a freemium account,Unlock with a freemium account,Unlock with a freemium account,Unlock with a freemium account,#VALUE!,300 MW,300,Unlock with a freemium account,,#DIV/0!,Unlock with a freemium account,Yellow Sea,,34.258785°,Unlock with a freemium account,Unlock with a freemium account,https://www.4coffshore.com/windfarms/china/datang-jiangsu-binhai-300mw-china-cn23.html'
,Huaneng Sheyang H1,"华能射阳海上南区H1#30万千瓦风电项目
 射阳海上南区H1 300MW 风电项目",China,Fully Commissioned,Unlock with a freemium account,Unlock with a freemium account,Unlock with a freemium account,Unlock with a freemium account,Unlock with a freemium account,#VALUE!,301.5 MW,301.5,Unlock with a freemium account,,#DIV/0!,Unlock with a freemium account,Yellow Sea,,33.655627°,Unlock with a freemium account,Unlock with a freemium account,https://www.4coffshore.com/windfarms/china/huaneng-sheyang-h1-china-cn0k.html'
,Longyuan Sheyang H2,龙源江苏射阳海上南区H2# 300MW风电项目,China,Fully Commissioned,Unlock with a freemium account,Unlock with a freemium account,Unlock with a freemium account,Unlock with a freemium account,Unlock with a freemium account,#VALUE!,301.5 MW,301.5,Unlock with a freemium account,,#DIV/0!,Unlock with a freemium account,Yellow Sea,,33.600557°,Unlock with a freemium account,Unlock with a freemium account,https://www.4coffshore.com/windfarms/china/longyuan-sheyang-h2-china-cn0m.html'
,Dafeng H5,"盐城国能大丰H5#海上风电场
 江苏大丰H5海上风电项目",China,Fully Commissioned,Unlock with a freemium account,Unlock with a freemium account,Unlock with a freemium account,Unlock with a freemium account,Unlock with a freemium account,#VALUE!,206.4 MW,206.4,Unlock with a freemium account,,#DIV/0!,Unlock with a freemium account,Yellow Sea,,33.517223°,Unlock with a freemium account,Unlock with a freemium account,https://www.4coffshore.com/windfarms/china/dafeng-h5-china-cn7s.html'
,Longyuan Jiangsu Dafeng (H4) 300MW,"龙源江苏大丰(H4)
 龙源江苏大丰二期",China,Fully Commissioned,Unlock with a freemium account,Unlock with a freemium account,Unlock with a freemium account,Unlock with a freemium account,Unlock with a freemium account,#VALUE!,302.4 MW,302.4,Unlock with a freemium account,,#DIV/0!,Unlock with a freemium account,Yellow Sea,,33.503295°,Unlock with a freemium account,Unlock with a freemium account,https://www.4coffshore.com/windfarms/china/longyuan-jiangsu-dafeng-(h4)-300mw-china-cn7r.html'
,SPIC Jiangsu Dafeng H3 300MW,国家电投(中电投）大丰H3# 海上风电项目; 中电投大丰H3#300MW海上风电项目升,China,Fully Commissioned,Unlock with a freemium account,Unlock with a freemium account,Unlock with a freemium account,Unlock with a freemium account,Unlock with a freemium account,#VALUE!,302.4 MW,302.4,Unlock with a freemium account,,#DIV/0!,Unlock with a freemium account,Yellow Sea,,33.509914°,Unlock with a freemium account,Unlock with a freemium account,https://www.4coffshore.com/windfarms/china/spic-jiangsu-dafeng-h3-300mw-china-cn3n.html'
,Dafeng H6,"江苏大丰H6海上风电项目
 龙源江苏大丰二期",China,Fully Commissioned,Unlock with a freemium account,Unlock with a freemium account,Unlock with a freemium account,Unlock with a freemium account,Unlock with a freemium account,#VALUE!,300 MW,300,Unlock with a freemium account,,#DIV/0!,Unlock with a freemium account,Yellow Sea,,33.438098°,Unlock with a freemium account,Unlock with a freemium account,https://www.4coffshore.com/windfarms/china/dafeng-h6-china-cn7v.html'
,Three Gorges New Energy Jiangsu Dafeng 300MW,"三峡新能源300MW大丰海上风电项目
 大丰H11",China,Fully Commissioned,Unlock with a freemium account,Unlock with a freemium account,Unlock with a freemium account,Unlock with a freemium account,Unlock with a freemium account,#VALUE!,300.7 MW,300.7,Unlock with a freemium account,,#DIV/0!,Unlock with a freemium account,Yellow Sea,,33.404602°,Unlock with a freemium account,Unlock with a freemium account,https://www.4coffshore.com/windfarms/china/three-gorges-new-energy-jiangsu-dafeng-300mw-china-cn4v.html'
,Three Gorges New Energy Jiangsu Dafeng 300MW,"三峡新能源300MW大丰海上风电项目
 大丰H11",China,Fully Commissioned,Unlock with a freemium account,Unlock with a freemium account,Unlock with a freemium account,Unlock with a freemium account,Unlock with a freemium account,#VALUE!,300.7 MW,300.7,Unlock with a freemium account,,#DIV/0!,Unlock with a freemium account,Yellow Sea,,33.404602°,Unlock with a freemium account,Unlock with a freemium account,https://www.4coffshore.com/windfarms/china/three-gorges-new-energy-jiangsu-dafeng-300mw-china-cn4v.html'
,CTGNE Jiangsu Dafeng H8-2,三峡新能源江苏大丰H8-2#,China,Fully Commissioned,Unlock with a freemium account,Unlock with a freemium account,Unlock with a freemium account,Unlock with a freemium account,Unlock with a freemium account,#VALUE!,300 MW,300,Unlock with a freemium account,,#DIV/0!,Unlock with a freemium account,Yellow Sea,,33.321524°,Unlock with a freemium account,Unlock with a freemium account,https://www.4coffshore.com/windfarms/china/ctgne-jiangsu-dafeng-h8-2-china-cn9e.html'
,Longyuan Jiangsu Dafeng (H7) 200MW,"龙源江苏大丰(H7)200MW海上风电项目-2期
 龙源江苏大丰(H7)200MW海上风电项目
 大丰H7#
 Dafeng H7 #",China,Fully Commissioned,Unlock with a freemium account,Unlock with a freemium account,Unlock with a freemium account,Unlock with a freemium account,Unlock with a freemium account,#VALUE!,200 MW,200,Unlock with a freemium account,,#DIV/0!,Unlock with a freemium account,Eastern China Sea,,33.282586°,Unlock with a freemium account,Unlock with a freemium account,https://www.4coffshore.com/windfarms/china/longyuan-jiangsu-dafeng-(h7)-200mw--china-cn3k.html'
,Longyuan Jiangsu Dafeng (H12) 200MW (Concession),"龙源江苏大丰（H12）200MW海上风电项目
 龙源江苏大丰200MW海上风电项目",China,Fully Commissioned,Unlock with a freemium account,Unlock with a freemium account,Unlock with a freemium account,Unlock with a freemium account,Unlock with a freemium account,#VALUE!,200 MW,200,Unlock with a freemium account,,#DIV/0!,Unlock with a freemium account,Yellow Sea,,33.308661°,Unlock with a freemium account,Unlock with a freemium account,https://www.4coffshore.com/windfarms/china/longyuan-jiangsu-dafeng-(h12)-200mw-(concession)-china-cn30.html'
,Dafeng (Shanghai Electric) Intertidal Demonstration Turbine,"大丰（上海电气）潮间带风电项目
 中国可再生能源规模化发展项目(CRESP)",China,Fully Commissioned,Unlock with a freemium account,Unlock with a freemium account,Unlock with a freemium account,Unlock with a freemium account,Unlock with a freemium account,#VALUE!,2 MW,2,Unlock with a freemium account,,#DIV/0!,Unlock with a freemium account,Yellow Sea,,33.304369°,Unlock with a freemium account,Unlock with a freemium account,https://www.4coffshore.com/windfarms/china/dafeng-(shanghai-electric)-intertidal-demonstration-turbine-china-cn29.html'
,Longyuan Jiangsu Dafeng (H7) 200MW,"龙源江苏大丰(H7)200MW海上风电项目-2期
 龙源江苏大丰(H7)200MW海上风电项目
 大丰H7#
 Dafeng H7 #",China,Fully Commissioned,Unlock with a freemium account,Unlock with a freemium account,Unlock with a freemium account,Unlock with a freemium account,Unlock with a freemium account,#VALUE!,200 MW,200,Unlock with a freemium account,,#DIV/0!,Unlock with a freemium account,Eastern China Sea,,33.282586°,Unlock with a freemium account,Unlock with a freemium account,https://www.4coffshore.com/windfarms/china/longyuan-jiangsu-dafeng-(h7)-200mw--china-cn3k.html'
,Huaneng Dafeng - phase 1,"华能江苏大丰30万千瓦海上风电示范项目H13
 江苏大丰C4国家潮间带300MW风电示范项, Huaneng Dafeng Intertidal C4 Wind Power Demonstration Project
 中标华能重大海缆项目——江苏大丰",China,Fully Commissioned,Unlock with a freemium account,Unlock with a freemium account,Unlock with a freemium account,Unlock with a freemium account,Unlock with a freemium account,#VALUE!,301.6 MW,301.6,Unlock with a freemium account,,#DIV/0!,Unlock with a freemium account,Eastern China Sea,,33.153021°,Unlock with a freemium account,Unlock with a freemium account,https://www.4coffshore.com/windfarms/china/huaneng-dafeng---phase-1-china-cn35.html'
,Huaneng Dafeng - phase 2,华能江苏大丰扩建100MW（二期）,China,Fully Commissioned,Unlock with a freemium account,Unlock with a freemium account,Unlock with a freemium account,Unlock with a freemium account,Unlock with a freemium account,#VALUE!,103.5 MW,103.5,Unlock with a freemium account,,#DIV/0!,Unlock with a freemium account,Eastern China Sea,,33.098216°,Unlock with a freemium account,Unlock with a freemium account,https://www.4coffshore.com/windfarms/china/huaneng-dafeng---phase-2-china-cn7i.html'
,Guohua Dongtai 4 H2,国华东台四期(H2)300MW海上风电场,China,Fully Commissioned,Unlock with a freemium account,Unlock with a freemium account,Unlock with a freemium account,Unlock with a freemium account,Unlock with a freemium account,#VALUE!,302.4 MW,302.4,Unlock with a freemium account,,#DIV/0!,Unlock with a freemium account,Eastern China Sea,,33.003011°,Unlock with a freemium account,Unlock with a freemium account,https://www.4coffshore.com/windfarms/china/guohua-dongtai-4-h2-china-cn06.html'
,Jiangsu Luneng Dongtai 200MW Concession,"鲁能江苏东台200兆瓦海上风电场项目
 江苏东台海上风电场20万千瓦风电特许权项目
 鲁能东台潮间带海上风电项目台（200MW）",China,Fully Commissioned,Unlock with a freemium account,Unlock with a freemium account,Unlock with a freemium account,Unlock with a freemium account,Unlock with a freemium account,#VALUE!,200 MW,200,Unlock with a freemium account,,#DIV/0!,Unlock with a freemium account,Eastern China Sea,,32.955097°,Unlock with a freemium account,Unlock with a freemium account,https://www.4coffshore.com/windfarms/china/jiangsu-luneng-dongtai-200mw-concession-china-cn32.html'
,Zhugensha H2,"江苏竹根沙（H2#）300MW海上风电项目
 中海油江苏海上风电项目",China,Fully Commissioned,Unlock with a freemium account,Unlock with a freemium account,Unlock with a freemium account,Unlock with a freemium account,Unlock with a freemium account,#VALUE!,302 MW,302,Unlock with a freemium account,,#DIV/0!,Unlock with a freemium account,Eastern China Sea,,32.914474°,Unlock with a freemium account,Unlock with a freemium account,https://www.4coffshore.com/windfarms/china/zhugensha-h2-china-cn7o.html'
,Guohua Dongtai 5,"国华竹根沙H1#海上风电场项目 东台5
 江苏东台五期海上风电项目",China,Fully Commissioned,Unlock with a freemium account,Unlock with a freemium account,Unlock with a freemium account,Unlock with a freemium account,Unlock with a freemium account,#VALUE!,200 MW,200,Unlock with a freemium account,,#DIV/0!,Unlock with a freemium account,Eastern China Sea,,32.853969°,Unlock with a freemium account,Unlock with a freemium account,https://www.4coffshore.com/windfarms/china/guohua-dongtai-5-china-cn2g.html'
,SPIC Rudong H7,江苏如东 H7# 海上风电项目,China,Fully Commissioned,Unlock with a freemium account,Unlock with a freemium account,Unlock with a freemium account,Unlock with a freemium account,Unlock with a freemium account,#VALUE!,400 MW,400,Unlock with a freemium account,,#DIV/0!,Unlock with a freemium account,Eastern China Sea,,32.839154°,Unlock with a freemium account,Unlock with a freemium account,https://www.4coffshore.com/windfarms/china/spic-rudong-h7-china-cn4l.html'
,Rudong H2,"如东 H2#场区
 国信如东H2#海上风电场
 江苏新能如东H2海上风电项目",China,Fully Commissioned,Unlock with a freemium account,Unlock with a freemium account,Unlock with a freemium account,Unlock with a freemium account,Unlock with a freemium account,#VALUE!,350 MW,350,Unlock with a freemium account,,#DIV/0!,Unlock with a freemium account,Eastern China Sea,,32.811515°,Unlock with a freemium account,Unlock with a freemium account,https://www.4coffshore.com/windfarms/china/rudong-h2---china-cn5u.html'
,Rudong H15,"江苏如东黄沙洋H1-2#海上风电项目
 协鑫如东H15#",China,Fully Commissioned,Unlock with a freemium account,Unlock with a freemium account,Unlock with a freemium account,Unlock with a freemium account,Unlock with a freemium account,#VALUE!,200 MW,200,Unlock with a freemium account,,#DIV/0!,Unlock with a freemium account,Eastern China Sea,,32.814883°,Unlock with a freemium account,Unlock with a freemium account,https://www.4coffshore.com/windfarms/china/rudong-h15-china-cn6k.html'
,Rudong H14,"如东 H14#海上风电场项目 
 江苏如东黄沙洋 H1-1#海上风电项目
 鲁能新能源江苏如东H14
 广恒海上风电场",China,Fully Commissioned,Unlock with a freemium account,Unlock with a freemium account,Unlock with a freemium account,Unlock with a freemium account,Unlock with a freemium account,#VALUE!,200 MW,200,Unlock with a freemium account,,#DIV/0!,Unlock with a freemium account,Eastern China Sea,,32.821238°,Unlock with a freemium account,Unlock with a freemium account,https://www.4coffshore.com/windfarms/china/rudong-h14-china-cn9r.html'